1,1,Çok beğendim renkleri çok canlı güzel paketlenmiş sağlam geldi pasta tabagiyla takım yaptım,5,bu ürünü Hepsiburada satıcısından aldı.RenkBej
1,2,Ürününün paketlenmesi çok güzeldi kırık gelecek diye çok korktum ama sorunsuz geldi teşekkür ederim,5,bu ürünü Hepsiburada satıcısından aldı.RenkBej
1,3,100 yıldızlık ürün ne kadar övsem az kalır tam istediğim gibi desenleri ve porseleni o kadar kaliteliki 6 lı fincan takımını böyle ayrı ayrı almak bana daha mantıklı geliyor çünkü zamanla insan aynı desenden sıkılıyor bunlar bireysel ikili de kombinlenir bu arada kargo bayağı sağlam geldi paketleme çok güzeldi  🌟,5,bu ürünü Karaca satıcısından aldı.RenkBej
1,4,"Ba-yıl-dım 🌿
Tek kelime ile muhteşemler. Kalitesi çok iyi. Kargo ve paketleme gayet başarılı. Karaca ve hepsiburada'ya teşekkürler 🧡",5,bu ürünü Karaca satıcısından aldı.RenkBej
1,5,Karaca kalitesi hiç şaşırtmıyor. Kargom öncelikle hızlı geldi. Paketlemesi çok ayrıntılı yapılmıştı. Fincan takımını çok beğendim.,5,bu ürünü Hepsiburada satıcısından aldı.RenkBej
1,6,Cok begendım aynı seriden tatlı tabaklarını da aldım guzel bır takım oldu,5,bu ürünü Karaca satıcısından aldı.RenkBej
1,7,Tek kelime ile harika kırılır diye korkarak sipariş verdim ancak sapasağlam geldi resimden çok daha güzeldi çeyizde olması gereken bir fincan 🤍🤍🧿🫶🏻,5,bu ürünü Karaca satıcısından aldı.RenkBej
1,8,Fotoğraftaki ile aynı çok güzeller. Kargo sadece kutu ile getirdi iyi ki sorunsuz kırılmadan geldi bazı yerlerinde sadece nokta şeklinde boyalar vardı ama göze batmıyor. Güvenerek alabilirsiniz,5,bu ürünü Hepsiburada satıcısından aldı.RenkBej
1,9,Bir tane bardak içten çatlak şekilde geldi ama ürün çok tatlı bu şekilde kullanacağım,4,bu ürünü Karaca satıcısından aldı.RenkBej
1,10,Ürün elime sorunsuz bir şekilde geldi ulaştı ve çok beğendim çok bayıldım Tam istediğim gibi çok tatlı duruyorlar Bence herkesin ya çeyizinde ya da evinde olması gereken bir fincan takımı gönül rahatlığı ile alabilirsiniz satıcıya buradan çok teşekkür ederim Çok güzel paketlenmiş hiçbir şekilde ne kırık ne çizik ne pas hiçbir şey görmedim çok severek ve gülerek kullanacağım ilk kahvemi de yaptım gerçekten teşekkür ederim,5,bu ürünü Hepsiburada satıcısından aldı.RenkBej
2,1,Özenle paketlenmişti bayıldıımmmmm,5,bu ürünü Karaca satıcısından aldı.RenkBej
2,2,Kesinlikle beş yıldızı hakediyor gerçekten çok güzelmis çok çok beğendim almak isteyenlere kesinlikle tavsiyemdir alın çok güzel bir fincan takımı severek kullanicam🤍🤍🤍,5,bu ürünü Hepsiburada satıcısından aldı.RenkBej
2,3,"Çok güzeller bayıldık. Sorunsuz ve hızlı bir şekilde teslim edildi, teşekkürler.",5,bu ürünü Karaca satıcısından aldı.RenkBej
2,4,Paketleme özenli güzeldi. Fincanlardan bazısının gorsel rengi soluk. Fincanı tabaga koyunca çok kıpırdama yapıyor. 1 tane tabağı da ufakta olsa kırık geldi ama çok küçük olduğu için kargoyla uğraşmak zor geldi geri göndermeyecegim,4,bu ürünü Karaca satıcısından aldı.RenkBej
2,5,"Çok güzeller ve oldukça kaliteli 
Kargolama da guzeldi,kırık vs yok
Tesekurler",5,bu ürünü Hepsiburada satıcısından aldı.RenkBej
2,6,"Çok teşekkür ederim Hepsiburada ve Karacaya  sağlam pakatleme ve kaliteniz için çok şık, çok güzeller 🧿",5,bu ürünü Karaca satıcısından aldı.RenkBej
2,7,O kadar tatlı ki çeyizim için aldım çok güzel paketlenmişti hepsi sağlam geldi,5,bu ürünü Karaca satıcısından aldı.RenkBej
2,8,Güzel ama bazı tabakların altı pütürlü,5,bu ürünü Hepsiburada satıcısından aldı.RenkBej
2,9,Ürünü kampanya dan aldim çok şık ve güzel sorunsuz geldi kırık çizik yok 2gunde elime ulasti,5,bu ürünü Karaca satıcısından aldı.RenkBej
2,10,"harıka,bayıldım.minik ve güzel.paketleme de özenli.baya teşekkürler.",5,bu ürünü Hepsiburada satıcısından aldı.RenkBej
3,1,Paketleme çok güzeldi. Fincanlar çok güzel.,5,bu ürünü Hepsiburada satıcısından aldı.RenkBej
3,2,Çok beğendim çok güzel çok şık💐,5,bu ürünü Hepsiburada satıcısından aldı.RenkBej
3,3,"iki fincanda küçük deformeler var, paketleme cok guzeldi beğenerek ve indirimden aldığım icin iade etmiycem",4,bu ürünü Karaca satıcısından aldı.RenkBej
3,4,Çok beğendim değişik hayvan desenli olması çok güzel herzaman aynı fincan kullanmak zorunda kalmayıp değişiklik oluşturacak.,5,bu ürünü Hepsiburada satıcısından aldı.RenkBej
3,5,Tek kelime ile muhteşem,5,bu ürünü Karaca satıcısından aldı.RenkBej
3,6,Çok beyendim sıkıntısız çok kısa zamanda ulaştı tskler,5,bu ürünü Karaca satıcısından aldı.RenkBej
3,7,Uzun zamandır beğeniyordum indirmli en uygun buradayken aldım sağlam şekilde geldi 🦩🦒🦓🐆🐘🦌,5,bu ürünü Karaca satıcısından aldı.RenkBej
3,8,Çok çok beğendim bayıldım iyi ki almışım bir fincanın kulpu hafif problemli gibi ama yapacak bişi yok uğraşamam iadeyle,5,bu ürünü Hepsiburada satıcısından aldı.RenkBej
3,9,Ürün mükemmel bence çok modern. Ancak bir tanesinin kulbu çatlakmış yıkadıktan sonra farkettim iade edemedim 😞,4,bu ürünü Hepsiburada satıcısından aldı.RenkBej
3,10,Birkaç kullanımdan sonra resimlerde ki gibi çatladı. Memnun kalmadım.,4,bu ürünü Hepsiburada satıcısından aldı.RenkBej
4,1,iki kutuda ve baya sarılmış geldi açarken zorlandım kaliteli ve güzel biz beğendik❤️,5,bu ürünü Karaca satıcısından aldı.RenkBej
4,2,Paketlenmesi harika tek bir sorunla karşılaşmadım resimlerin kalitesi cok cok iyi 🥰,5,bu ürünü Karaca satıcısından aldı.RenkBej
4,3,herşeyi ile harika kutusuna bayıldım..hediye için çok iyi olur,5,bu ürünü Karaca satıcısından aldı.RenkBej
4,4,Jet hızda kargo 😍 Dün aksam saat 9 10 gibi siparişi oluşturdum kısa süre içinde kargoya verildi ve bu sabah saat 9 buçukta teslim edildi bu ne hııız. Ürünüm de sapasaglam bir sekilde teslim edildi çok begendimmm 💜 hızlı kargo ve sağlam teslimat için teşekkür ederim 😊,5,bu ürünü Hepsiburada satıcısından aldı.RenkBej
4,5,Çokk beğenerek aldım hep takip ediyodum indirimde yakaladım çeyizime aldımm aşırı güzeller insan kullanmaya kıyamazz alın aldırınn,5,bu ürünü Karaca satıcısından aldı.RenkBej
4,6,Bir tanesi kırık geldi değiştirilmesini telepati edeceğim aşırı iyi paketlendiği söylenemez,5,bu ürünü Karaca satıcısından aldı.RenkBej
4,7,Paketleme çok güzeldi. Kırık falan yok. Çok beğendim. Renkler çok hoş. Teşekkürler Hepsiburada 😍,5,bu ürünü Karaca satıcısından aldı.RenkBej
4,8,Tam beklediğim gibi çok beğendim. Elime sağlam ulaştı.,5,bu ürünü Karaca satıcısından aldı.RenkBej
4,9,Ürün güzel alınabilir ama satıcı hasarlı ürün yollamış kargoda olacak birşey değil üretimden olduğu belli Karacaya yakışmayacak bir durum,4,bu ürünü Hepsiburada satıcısından aldı.RenkBej
4,10,Ürün zaten göründüğü gibi kargo da pakatleme de çok iyi gönül rahatlığı ile alabilirsiniz,5,bu ürünü Karaca satıcısından aldı.RenkBej
5,1,Ürün zaten göründüğü gibi kargo da pakatleme de çok iyi gönül rahatlığı ile alabilirsiniz,5,bu ürünü Karaca satıcısından aldı.RenkBej
5,2,Bu takıma bir senedir bakıyorum bi türlü karar veremiyordum indirime girdiğine an kaptım cok güzel geldi çeyize kaldırdım,5,bu ürünü Karaca satıcısından aldı.RenkBej
5,3,Ürün güzel alınabilir ama satıcı hasarlı ürün yollamış kargoda olacak birşey değil üretimden olduğu belli Karacaya yakışmayacak bir durum,4,bu ürünü Hepsiburada satıcısından aldı.RenkBej
5,4,"Fotoğrafta göründüğünden çok daha güzel, canım Görkitomda görüp atmıştım sepete🥰",5,bu ürünü Hepsiburada satıcısından aldı.RenkBej
5,5,Teslimat tarihinden önce teslim edildi ve paketleme gayet sağlam ve özenliydi.satıcıya çok teşekkür ederim gerçekten çok güzeller tavsiye ederim kesinlikle,5,bu ürünü Karaca satıcısından aldı.RenkBej
5,6,Paketleme gayet iyiydi sadece bir tanesinin kiloya bı sıkıntısı var gibi ama ben çok sevdim fiyatında gayet iyi tavsiye ederim,5,bu ürünü Karaca satıcısından aldı.RenkBej
5,7,"Kesinlikle harika, boyutu renkleri kalitesi hepsine bayıldım. Paketlemesi de güzeldi",5,bu ürünü Karaca satıcısından aldı.RenkBej
5,8,paketlemesi desenleri çok iyi kargo sorunsuz,5,bu ürünü Karaca satıcısından aldı.RenkBej
5,9,Çok güzeller. Paketleme harika. Teşekkürler,4,bu ürünü Karaca satıcısından aldı.RenkBej
5,10,Mukemmel beklediğimden daha güzel,5,bu ürünü Karaca satıcısından aldı.RenkBej
6,1,Mukemmel beklediğimden daha güzel,5,bu ürünü Karaca satıcısından aldı.RenkBej
6,2,"bayıldım, bu fiyata alınabilecek en güzel kahve fincanı 🥰",5,bu ürünü Hepsiburada satıcısından aldı.RenkBej
6,3,Çok güzel bir ürün renkler tasarım harika,5,bu ürünü Hepsiburada satıcısından aldı.RenkBej
6,4,"Fincanın ağız kısmı kırık geldi. Leoparlı fincan ise tek tarafı hatalı boya geldi.3 modeli beğendim diğerleri soluk renkte,alt üst ton farklı.kırık olması sebebiyle iade edicem.",3,bu ürünü Karaca satıcısından aldı.RenkBej
6,5,Güzeldi sadaca kargo çok kötü kargocuyu değiştirmeniz laxım kırık geldi iadesi yapmak zorunda kaldım,5,bu ürünü Karaca satıcısından aldı.RenkBej
6,6,Çeyizim için almak istiyordum indirimden aldım paketlenmesi vs her şey çok güzeldi,5,bu ürünü Karaca satıcısından aldı.RenkBej
6,7,"Çok güzel kullanışlı kalitelibir ürün . Boyut olarakta ideal , küçük gelir diye düşünmüştüm ama standart ölçülerde.",5,bu ürünü Karaca satıcısından aldı.RenkBej
6,8,Çok beğenerek aldım . Muhteşem bir paketleme ile geldi ve hiçbir sorun yoktu. Çok teşekkür ediyorum .,5,bu ürünü Karaca satıcısından aldı.RenkBej
6,9,Güzel paketleme çok güzel geldi,5,bu ürünü Hepsiburada satıcısından aldı.RenkBej
6,10,Çok güzel aşırı beğendim paketleme çok özenliydi kat kat sarmişlar alın aldırın mukemmell,5,bu ürünü Hepsiburada satıcısından aldı.RenkBej
7,1,Renkler fotodan daha solukk ve tabağın biri pürüzlü,5,bu ürünü stokburada satıcısından aldı.RenkBej
7,2,"Çok kaliteli , karaca farkı",5,bu ürünü Hepsiburada satıcısından aldı.RenkBej
7,3,Çok güzeller kaliteli,4,bu ürünü Hepsiburada satıcısından aldı.RenkBej
7,4,Aşırı güzel 🥹🥹🥹,5,bu ürünü Hepsiburada satıcısından aldı.RenkBej
7,5,Çokk güzel geldi☺️paketlemeside cok iyiydi teşekkürler...,5,bu ürünü Hepsiburada satıcısından aldı.RenkBej
7,6,Paketlemesi çok iyiydi sorunsuz geldi,5,bu ürünü Karaca satıcısından aldı.RenkBej
7,7,"Çok kısa sürede,hasarsız sorunsuz geldi. Kullanımı rahat bir ürün",5,bu ürünü Karaca satıcısından aldı.RenkBej
7,8,Arkadaşıma hediye aldım2 günde eline ulaştı çok kaliteli ve güzel,5,bu ürünü Karaca satıcısından aldı.RenkBej
7,9,"Arkadaşıma hediye alıp çok beğenmiştim, kendime de aldım",5,bu ürünü Karaca satıcısından aldı.RenkBej
7,10,asırıııı güzel bayıldım,5,bu ürünü Hepsiburada satıcısından aldı.RenkBej
8,1,Çok teşekkür ederim sorunsuz geldi çok beğendim,5,bu ürünü Hepsiburada satıcısından aldı.RenkBej
8,2,Kargolama çok güzeldi kısa zamanda geldi fakat bir tabağı yamuk gönderim yapılırken bakılmıyor mu anlamıyorum bir tabak için de iade ile mi uğraşalım,5,bu ürünü Karaca satıcısından aldı.RenkBej
8,3,"Fincanlar cok guzel 3.ye aliyoruz.. Fincanlari birakalim da biraz hepsi jet ovelim yaa aksam siparisi verdik sabah kapidaydi bir suru urun hem de, jet gibiler jet, diger kargolar sitenin kapisindan daire kapisina bile 2 saatte geliyorlar unutuyorum geldikleri adamlar burda bile hizli ya helal olsun alkisssssss 😄",3,bu ürünü Hepsiburada satıcısından aldı.RenkBej
8,4,"Ürün tasarım olarak harika çok beğendik, kargolama ve paketleme içinde ayrıca teşekkür ederiz; yalnız ikinci fotoda göreceğiniz gibi üretim hatalı fincanlar mevcut, Karaca markasına yakışmıyor, tekstilde çok iyiler ama mutfakta 3 yıldız..",5,bu ürünü Karaca satıcısından aldı.RenkBej
8,5,Fincanlar çok güzel paketleme gayet i,3,bu ürünü Hepsiburada satıcısından aldı.RenkBej
8,6,Ürün guzel paketlenmiş kırık gelmedi ama fincanlarda eksik vardı flamingo yerine iki tane zürafa gönderilmiş  geri iade edemiyorum kupon kullandığım için lütfen daha dikkatli olunuz.,4,bu ürünü Hepsiburada satıcısından aldı.RenkBej
8,7,Cok begendimm tavsiye ederim sağlam geldi,5,bu ürünü Karaca satıcısından aldı.RenkBej
9,1,Benden gören herkes almaya başladı. Çok güzel,5,bu ürünü Karaca satıcısından aldı.RenkBej
9,2,Fincanlar çok güzel paketleme gayet i,4,bu ürünü Hepsiburada satıcısından aldı.RenkBej
9,3,"Harika bir fincan takımı ,6 ‘lı fincan takımının tek desen ya da sade olmasını sevmediğim için bunu tercih ettim iyi ki etmişim ,zamanla insan tek desenden sıkılıyor :(  mutlaka alın derim ayrıca porselen olması da ayrı bir avantaj sağlıyor çok çok memnun kaldım gönül rahatlığıyla sipariş verebilirsiniz",5,bu ürünü Karaca satıcısından aldı.RenkBej
9,4,Ürünü mağaza fiyatiyla karşılaştırarak aldım.370 gibi bir fiyata aldim magazada 500 tl idi.Sorunsuz bir sekilde sağlam gayet güzel gördügüm gibi geldi.Alacak olanlara tavsiyemdir bence hic süphesiz aldın 👍,5,bu ürünü Hepsiburada satıcısından aldı.RenkBej
9,5,Çok şık kibar bir takım kalitesine bayıldım fakat satıcı özensiz davranmış geyik olandan 2 tane yollamış zürafa yok ama ben kullanmaya başladım bile sadece zürafa olandan gönderim yapacaklarını umuyorum çok geç elime ulaştı kırık yoktu sağlam paketlenmisti,5,bu ürünü Hepsiburada satıcısından aldı.RenkBej
9,6,Çok tereddüt ederek aldım defolu olur diye pürüzsüz geldi güzel paketlenmiş kendinden jilatinli olarak çok beğendim çok teşekkür ederim 🙏🏻,5,bu ürünü Hepsiburada satıcısından aldı.RenkBej
9,7,Beğenerek aldım çok güzel,5,bu ürünü Karaca satıcısından aldı.RenkBej
9,8,"Çok güzel, porseleni ince eminim kahve içimi de çok zevkli olacaktır. Çok beğendim teşekkürler",5,"bu ürünü Hepsiburada satıcısından, Eylem Aydın adlı kullanıcının listesinden aldı.RenkBej"
9,9,Çok güzeller kargolama süresi gayet iyiydi kendi kutusu dışında ikinci kutuya konulmuştu,5,"bu ürünü Hepsiburada satıcısından, Mehmet Özkal adlı kullanıcının listesinden aldı.RenkBej"
10,1,Ürün elime kısa sürede ulaştı çok beğendim almak isteyenler hiç düşünmesin bence çok şık ve hoş,5,bu ürünü Hepsiburada satıcısından aldı.RenkBej
10,2,Çok güzel bir seri. Hepsini aldım. Sadece kahve fincanları çay ve yemek takımlarına kıyasla daha ince.,5,bu ürünü Hepsiburada satıcısından aldı.RenkBej
10,3,Dünyanın en güzel fincanı aşık oldum şahaneeeee fiyatı bedava bence bu zamanda,5,bu ürünü Karaca satıcısından aldı.RenkBej
10,4,Çok kaliteli efsane bir fincan,5,bu ürünü Karaca satıcısından aldı.RenkBej
10,5,Göründüğü gibi çok güzel paketleme de çok sağlamdı sorunsuz teslim edildi,5,bu ürünü Karaca satıcısından aldı.RenkBej
10,6,"Ürüne gelmeden evvel hepsiburada deneyimimi paylaşmak isterim. Satıcısı hepsiburada olarak ürünü sipariş ettim. Ürünün orijinal içeriğinde 6 farklı motif olması gerekirken bende gene 6 fincan takımı fakat 5 farklı motif vardı. Fil şekilli fincandan 2 adet vardı. Müşteri hizmetleri ile görüştüm fakat ürünün stoklarında bittiğini ve iade dışında yardımcı olamayacaklarını söylediler. Ürünü 1 hafta beklettim ve tekrardan stoğa girdiğini gördüm. Böylece değişim talebiyle iade açtım. Prosedür hemen işlendi ve 2 günde yenisi elimde oldu, değişim sağlandı. Hepsiburada böylesi aksiyonlarını çok hızlı ve müşteri memnuniyeti odaklı aldığı için güzel. 

Ürün ise fotoğraflarında görüldüğü üzere tatlı ve naif. Hediye olarak düşünülürse çok hoş olur kanısındayım.",4,bu ürünü Hepsiburada satıcısından aldı.RenkBej
10,7,"Göründüğü gibi geldi. Çok şık, hızlı teslimat yapıldı kargom sorunsuz elime ulaştı 🤍",5,bu ürünü Karaca satıcısından aldı.RenkBej
10,8,"Kız kardeşimelin çeyizi için aldım, çok güzel ve çok şık kardeşim de bayıldı",5,bu ürünü Karaca satıcısından aldı.RenkBej
10,9,Güzel bir ürün desenlerin baskısı da kaliteli kolay sökülmez gibi gözüküyor.,5,bu ürünü Hepsiburada satıcısından aldı.RenkBej
11,1,Bu takımı uzun zamandır almak istiyordum indirim zamanı kaçırmadan almak çok iyi denk çok tatlılar,5,bu ürünü Karaca satıcısından aldı.RenkBej
11,2,Çok beğendim çok güzeller sağlam bir şekilde elime ulaştı teşekkürler,5,bu ürünü Hepsiburada satıcısından aldı.RenkBej
11,3,Tek kelime ile bayıldım harika bir ürün arkadaşıma hediye olarak aldım ayrı ayrı olarakta kullanılabilir çok güzeller,5,bu ürünü Hepsiburada satıcısından aldı.RenkBej
11,4,Çok tatlış bakıp bakıp mutlu olmalık bir fincan takımı iyi ki almışım teslimat sağlam ve hızlı idi teşekkürler hepsi burada ve Karaca ❤️,5,bu ürünü Hepsiburada satıcısından aldı.RenkBej
11,5,Öylesine birine hediye ederim diye aldım ama çok güzel çıktı 🤗 galiba çeyizime kaldırıcam. Paketleme güzeldi kırılmadan geldi,5,bu ürünü Hepsiburada satıcısından aldı.RenkBej
11,6,Kargo kutusu yırtık geldi zebra olan fincanımın boyası silinmiş flamingo tabağında da hata var dikkat ederek gönderseniz daha çok sevinirdim,3,bu ürünü Karaca satıcısından aldı.RenkBej
11,7,"desenleri güzel ama bazılarının ağız kısmındaki şerit yamuk çekilmiş. fabrikada kalite kontrol uyuyor, idare eder.",4,"bu ürünü Hepsiburada satıcısından, Banu Yegen Derman adlı kullanıcının listesinden aldı.RenkBej"
11,8,"Göründüğü gibi resimde, güzel ben çok beğendim",5,"bu ürünü Hepsiburada satıcısından, Öznur Ekim adlı kullanıcının listesinden aldı.RenkBej"
11,9,Karacanin urunlerine zaafım oluştu diyebilirim. Çok güzel. Fincan küçük ama görünüş yeter. Kargo aşırı iyi paket yapılmıştı. Tşk ederim 💕,5,bu ürünü Karaca satıcısından aldı.RenkBej
11,10,Harika bir fincan takımı herkese tavsiye ederim 😍,5,bu ürünü Karaca satıcısından aldı.RenkBej
12,1,Çok beğendim çokta hızlı bir şekilde elime ulaştı teşekkürler,5,bu ürünü Karaca satıcısından aldı.RenkBej
12,2,Bekledigimden daha guzel cok begendim saglam kargo ❣️🥰,5,bu ürünü Hepsiburada satıcısından aldı.RenkBej
12,3,Bayıldım çok güzel ve hızlı geldi,5,bu ürünü Hepsiburada satıcısından aldı.RenkBej
12,4,Gece sipariş verdim sabah elimdeydi şahane 😻,5,bu ürünü Hepsiburada satıcısından aldı.RenkBej
12,5,Efsane güzel bayıldım,5,bu ürünü Hepsiburada satıcısından aldı.RenkBej
12,6,İki fincan aynı geldi. Hızlı kargo. Değişim ile uğraşamayacagim. Bilginiz olsun,4,bu ürünü Hepsiburada satıcısından aldı.RenkBej
12,7,Çok beğendim. Fotoğraftaki gibi. Paketlemesi güzeldi,5,bu ürünü Karaca satıcısından aldı.RenkBej
12,8,Bayıldımmm kırık vs olmadan geldi tüm takımını aldım,5,bu ürünü Hepsiburada satıcısından aldı.RenkBej
12,9,Gayet sağlam şekilde elimize ulaştı biz çok beğendik 💜,5,bu ürünü Hepsiburada satıcısından aldı.RenkBej
12,10,Çok güzell,5,bu ürünü RARE STORE satıcısından aldı.RenkBej
13,1,Çok beğendim çokta hızlı bir şekilde elime ulaştı teşekkürler,5,bu ürünü Karaca satıcısından aldı.RenkBej
13,2,Çok güzell,5,bu ürünü RARE STORE satıcısından aldı.RenkBej
13,3,Çok iyi paketlenmiş sağlam geldi tavsiye ederim,5,bu ürünü Karaca satıcısından aldı.RenkBej
13,4,EŞİME HEDİYE ALMIŞTIM ÇOK BEĞENDİ KALİTE BAŞKA PAKATLEME 10 NUMARA,5,bu ürünü Karaca satıcısından aldı.RenkBej
13,5,Bayildimmm,5,bu ürünü Hepsiburada satıcısından aldı.RenkBej
13,6,Çok hızlı geldi teşekkür ederim beğendik,5,bu ürünü Karaca satıcısından aldı.RenkBej
14,1,Harika paketleme ile geldi. Ürün çok güzel,5,bu ürünü Hepsiburada satıcısından aldı.RenkBej
14,2,"Paketleme , kalite gayet güzel",5,bu ürünü Hepsiburada satıcısından aldı.RenkBej
14,3,Tam beklediğim gibi günlük kullanım için harika👍,5,bu ürünü Hepsiburada satıcısından aldı.RenkBej
14,4,Çok hızlı geldi teşekkür ederim beğendik,5,bu ürünü Karaca satıcısından aldı.RenkBej
14,5,Bayildimmm,5,bu ürünü Hepsiburada satıcısından aldı.RenkBej
14,6,Bayıldım 3 tane aldım hediyede aldi,5,bu ürünü Karaca satıcısından aldı.RenkBej
14,7,Çok şekerler bayıldım..,5,bu ürünü Karaca satıcısından aldı.RenkBej
14,8,EŞİME HEDİYE ALMIŞTIM ÇOK BEĞENDİ KALİTE BAŞKA PAKATLEME 10 NUMARA,5,bu ürünü Karaca satıcısından aldı.RenkBej
14,9,Muhtesem tskkrler,5,bu ürünü Hepsiburada satıcısından aldı.RenkBej
14,10,Harikaaaaa,5,bu ürünü Hepsiburada satıcısından aldı.RenkBej
15,1,"Hasarsız,tam göründüğü gibi geldi.",5,bu ürünü Karaca satıcısından aldı.RenkBej
15,2,Çok güzelll çok beğendim,5,bu ürünü Hepsiburada satıcısından aldı.RenkBej
15,3,Harikaaaaa,5,bu ürünü Hepsiburada satıcısından aldı.RenkBej
15,4,Çok çok güzeell keşke daha uygun olsa ❤️,5,bu ürünü Karaca satıcısından aldı.RenkBej
15,5,Sorunsuz geldi güzel ürün,5,bu ürünü Karaca satıcısından aldı.RenkBej
15,6,Kalitesi çok güzel,5,bu ürünü Hepsiburada satıcısından aldı.RenkBej
15,7,Çok teşekkür ederim hizmetinizden dolayı çok beğendim,5,bu ürünü Hepsiburada satıcısından aldı.RenkBej
15,8,Çok güzel  çok hızlı ve güzel paketli geldi,5,bu ürünü Karaca satıcısından aldı.RenkBej
15,9,Fiyat performans ürünü harika,5,bu ürünü Hepsiburada satıcısından aldı.RenkBej
15,10,Çok güzel severek kullanıyorum,5,bu ürünü Karaca satıcısından aldı.RenkBej
16,1,Çok güzel severek kullanıyorum,5,bu ürünü Karaca satıcısından aldı.RenkBej
16,2,Ürün güzel paketlenmiş ve sorunsuz geldi,5,bu ürünü Hepsiburada satıcısından aldı.RenkBej
16,3,Mükemmellll,5,bu ürünü Hepsiburada satıcısından aldı.RenkBej
16,4,Görseli güzel bir kahve fincanı fiyat performans,5,bu ürünü Karaca satıcısından aldı.RenkBej
16,5,Harika ürün pakylemede gayet guzel,5,bu ürünü Hepsiburada satıcısından aldı.RenkBej
16,6,Çok şık büyüklüğü ideal paketleme sağlam hasarsız geldi,5,bu ürünü Hepsiburada satıcısından aldı.RenkBej
16,7,Beğendim gayet güzel.,5,bu ürünü Hepsiburada satıcısından aldı.RenkBej
16,8,Muazzam kaliteli bir ürün iyi ki almışım indirimdeyken 🥰❤️,5,bu ürünü Hepsiburada satıcısından aldı.RenkBej
16,9,Harika tabakla takım yaptım,5,bu ürünü Hepsiburada satıcısından aldı.RenkBej
16,10,Henuz kullanmadım guzel gorunuyor,5,bu ürünü Karaca satıcısından aldı.RenkBej
